mean_train_auc,mean_test_auc,mean_train_auc_idx,mean_test_auc_idx,mean_time
0.9369133333333333,0.7196866666666666,498.8333333333333,379.6333333333333,13.2
