mean_train_auc,mean_test_auc,mean_train_auc_idx,mean_test_auc_idx,mean_time
0.9164433333333334,0.8154266666666667,499.0,488.6,68.66666666666667
